{"initial_reset_timestamp": 1686746347.0190358, "timestamps": [1686746407.1071963], "episode_lengths": [1983], "episode_rewards": [20.0], "episode_types": ["t"]}